img_id;query_type;prompt;output;target_token;token_index;num_target_hotspots;num_distractors;kmeans_threshold;tbr;is_correct_id;failure_reason;tokens_analyzed
403385;Positive;Step 1: Look at the image and describe the main objects and their spatial positions. | Step 2: Check if you can see a 'toilet' among them. | Step 3: Answer to the question 'Is there a toilet?' and provide a brief justification based on the visual evidence you analyzed.;Yes, there is a toilet in the image. It is located on the right side of the bathroom, next to the shower.;toilet;5;1;5;0.5059;18.145.999.908.447.200;0;FP_Scattered;[5]
331352;Positive;Step 1: Look at the image and describe the main objects and their spatial positions. | Step 2: Check if you can see a 'toilet' among them. | Step 3: Answer to the question 'Is there a toilet?' and provide a brief justification based on the visual evidence you analyzed.;Yes, there is a toilet in the image. The toilet is located in the center of the image, with a control panel on its left side.;toilet;11;2;5;0.5882;1.627.500.057.220.450;0;FP_Scattered;[5, 11]
143931;Positive;Step 1: Look at the image and describe the main objects and their spatial positions. | Step 2: Check if you can see a 'bus' among them. | Step 3: Answer to the question 'Is there a bus?' and provide a brief justification based on the visual evidence you analyzed.;Yes, there is a bus in the image. The bus is prominently displayed in the foreground, occupying a significant portion of the frame. The bus is blue with white and red graphics and text, and it is parked on the side of the road.;bus;5;7;0;0.5098;12.877.999.544.143.600;1;None;[5, 11, 28]
153299;Positive;Step 1: Look at the image and describe the main objects and their spatial positions. | Step 2: Check if you can see a 'giraffe' among them. | Step 3: Answer to the question 'Is there a giraffe?' and provide a brief justification based on the visual evidence you analyzed.;Yes, there is a giraffe in the image. The giraffe is positioned in the center, standing next to a wooden wall.;<|im_end|>;27;3;2;0.5608;1.615.399.956.703.180;0;FP_Scattered;[27]
308394;Positive;Step 1: Look at the image and describe the main objects and their spatial positions. | Step 2: Check if you can see a 'person' among them. | Step 3: Answer to the question 'Is there a person?' and provide a brief justification based on the visual evidence you analyzed.;Yes, there is a person in the image. The person is sitting on a red bench, and they are holding a white plastic bag. The bench is located in the foreground, and the person is positioned behind it.;person;5;3;7;0.3843;21.335.999.965.667.700;0;FP_Scattered;[5, 11, 38]
41888;Positive;Step 1: Look at the image and describe the main objects and their spatial positions. | Step 2: Check if you can see a 'bird' among them. | Step 3: Answer to the question 'Is there a bird?' and provide a brief justification based on the visual evidence you analyzed.;Yes, there is a bird in the image. The birds are located on the ground, and they are surrounded by dry grass and shrubs.;bird;5;1;8;0.6353;18.515.000.343.322.700;0;FP_Scattered;[5, 11]
184321;Positive;Step 1: Look at the image and describe the main objects and their spatial positions. | Step 2: Check if you can see a 'train' among them. | Step 3: Answer to the question 'Is there a train?' and provide a brief justification based on the visual evidence you analyzed.;Yes, there is a train. The train is located on the tracks, positioned between the platform and the trees, and is moving towards the platform.;train;8;2;1;0.5373;15.740.000.009.536.700;0;FP_Scattered;[5, 8]
297343;Negative;Step 1: Look at the image and describe the main objects and their spatial positions. | Step 2: Check if you can see a 'teddy bear' among them. | Step 3: Answer to the question 'Is there a teddy bear?' and provide a brief justification based on the visual evidence you analyzed.;There is no existence of a teddy bear in the image.;no;2;0;3;0.7059;0.0;0;FP_Hallucination;[2]
336587;Positive;Step 1: Look at the image and describe the main objects and their spatial positions. | Step 2: Check if you can see a 'stop sign' among them. | Step 3: Answer to the question 'Is there a stop sign?' and provide a brief justification based on the visual evidence you analyzed.;Yes, there is a stop sign in the image. The stop sign is located on a wooden pole, which is positioned on the side of the road. The sign is red with white lettering and is positioned above the street level.;<|im_end|>;47;1;5;0.5647;17.030.999.660.491.900;0;FP_Scattered;[47]
122745;Positive;Step 1: Look at the image and describe the main objects and their spatial positions. | Step 2: Check if you can see a 'stop sign' among them. | Step 3: Answer to the question 'Is there a stop sign?' and provide a brief justification based on the visual evidence you analyzed.;"Yes, there is a stop sign in the image. The sign is prominently displayed in the center, with the word ""STOP"" written in bold, white letters on a red background. The sign is positioned on a pole, and the background features a dark sky with a hint of light from the horizon, suggesting it is either dawn or dusk.";<|im_end|>;69;0;6;0.5216;11.786.999.702.453.600;0;FP_Scattered;[69]
555705;Positive;Step 1: Look at the image and describe the main objects and their spatial positions. | Step 2: Check if you can see a 'cat' among them. | Step 3: Answer to the question 'Is there a cat?' and provide a brief justification based on the visual evidence you analyzed.;Yes, there are cats in the image. One cat is orange and the other is brown and striped. They are sitting on a concrete surface, with one cat's head resting on a pair of white sneakers.;cat;10;2;0;0.5098;18.614.000.082.015.900;1;None;[4, 10, 31]
443303;Negative;Step 1: Look at the image and describe the main objects and their spatial positions. | Step 2: Check if you can see a 'orange' among them. | Step 3: Answer to the question 'Is there a orange?' and provide a brief justification based on the visual evidence you analyzed.;Yes, there is an orange in the image. The orange cat is sitting inside the suitcase, which is open and filled with various items.;orange;5;0;2;0.5804;0.0;0;FP_Hallucination;[5, 11]
418281;Positive;Step 1: Look at the image and describe the main objects and their spatial positions. | Step 2: Check if you can see a 'cow' among them. | Step 3: Answer to the question 'Is there a cow?' and provide a brief justification based on the visual evidence you analyzed.;Yes, there is a cow in the image. The cow is standing on the grass, and it is the main object in the foreground.;cow;11;1;6;0.5137;30.571.000.576.019.200;0;FP_Scattered;[5, 11]
85329;Negative;Step 1: Look at the image and describe the main objects and their spatial positions. | Step 2: Check if you can see a 'boat' among them. | Step 3: Answer to the question 'Is there a boat?' and provide a brief justification based on the visual evidence you analyzed.;There is no boat present in the image. The main objects include a woman with long brown hair, a white shirt, and various accessories such as a necklace and earrings. The woman is positioned against a black background.;boat;3;0;6;0.5255;0.0;0;FP_Hallucination;[3]
511321;Positive;Step 1: Look at the image and describe the main objects and their spatial positions. | Step 2: Check if you can see a 'boat' among them. | Step 3: Answer to the question 'Is there a boat?' and provide a brief justification based on the visual evidence you analyzed.;Yes, there is a boat in the image. The boat is located in the foreground, moving on the water, and it is white with some orange and blue accents. It appears to be a tourist or sightseeing boat, given its design and the fact that it is navigating through the water.;boat;5;1;3;0.5059;1.646.299.958.229.060;0;FP_Scattered;[5, 11, 43]
314294;Positive;Step 1: Look at the image and describe the main objects and their spatial positions. | Step 2: Check if you can see a 'elephant' among them. | Step 3: Answer to the question 'Is there a elephant?' and provide a brief justification based on the visual evidence you analyzed.;Yes, there is an elephant in the image. The elephant is standing in the middle of the scene, surrounded by trees and rocks.;elephant;5;1;3;0.549;19.848.999.977.111.800;0;FP_Scattered;[5, 11]
475779;Positive;Step 1: Look at the image and describe the main objects and their spatial positions. | Step 2: Check if you can see a 'elephant' among them. | Step 3: Answer to the question 'Is there a elephant?' and provide a brief justification based on the visual evidence you analyzed.;Yes, there is an elephant in the image. The elephant is positioned in the foreground, standing amidst the greenery and trees.;elephant;11;4;1;0.5569;2.341.599.941.253.660;0;FP_Scattered;[5, 11]
572517;Negative;Step 1: Look at the image and describe the main objects and their spatial positions. | Step 2: Check if you can see a 'pizza' among them. | Step 3: Answer to the question 'Is there a pizza?' and provide a brief justification based on the visual evidence you analyzed.;In the image, there is a polar bear standing on a rock near a body of water, and a bird is flying over the water. There is no pizza visible in the image.;no;30;0;7;0.6157;0.0;0;FP_Hallucination;[30, 31]
270244;Negative;Step 1: Look at the image and describe the main objects and their spatial positions. | Step 2: Check if you can see a 'stop sign' among them. | Step 3: Answer to the question 'Is there a stop sign?' and provide a brief justification based on the visual evidence you analyzed.;In the image, there is a zebra standing in a grassy field with trees in the background. The zebra is positioned towards the left side of the image, and there is no stop sign visible in the scene.;no;37;0;5;0.6431;0.0;0;FP_Hallucination;[37]
125211;Positive;Step 1: Look at the image and describe the main objects and their spatial positions. | Step 2: Check if you can see a 'zebra' among them. | Step 3: Answer to the question 'Is there a zebra?' and provide a brief justification based on the visual evidence you analyzed.;Yes, there is a zebra in the image. The zebra is positioned in the foreground, occupying a significant portion of the frame. Its head and neck are visible, and it appears to be standing in a grassy field with trees in the background.;<|im_end|>;52;2;4;0.4941;14.128.999.710.083.000;0;FP_Scattered;[52]
562121;Positive;Step 1: Look at the image and describe the main objects and their spatial positions. | Step 2: Check if you can see a 'zebra' among them. | Step 3: Answer to the question 'Is there a zebra?' and provide a brief justification based on the visual evidence you analyzed.;Yes, there is a zebra in the image. The zebra is located in the center of the scene, engaged in a fight with another zebra.;<|im_end|>;32;0;5;0.5373;0.8996999859809875;0;FP_Scattered;[32]
382088;Negative;Step 1: Look at the image and describe the main objects and their spatial positions. | Step 2: Check if you can see a 'keyboard' among them. | Step 3: Answer to the question 'Is there a keyboard?' and provide a brief justification based on the visual evidence you analyzed.;In the image, there is a horse with a white mane standing in a fenced area. The horse is positioned in the foreground, and the background features a landscape with green fields and mountains. There is no keyboard visible in the image.;no;40;0;3;0.451;0.0;0;FP_Hallucination;[40, 41]
266409;Positive;Step 1: Look at the image and describe the main objects and their spatial positions. | Step 2: Check if you can see a 'person' among them. | Step 3: Answer to the question 'Is there a person?' and provide a brief justification based on the visual evidence you analyzed.;Yes, there is a person in the image. The person is standing on skis, holding ski poles, and appears to be skiing through a snowy landscape.;person;5;2;3;0.4235;22.667.999.267.578.100;0;FP_Scattered;[5, 11]
430961;Negative;Step 1: Look at the image and describe the main objects and their spatial positions. | Step 2: Check if you can see a 'couch' among them. | Step 3: Answer to the question 'Is there a couch?' and provide a brief justification based on the visual evidence you analyzed.;In the image, there is a baseball player on the mound, wearing a Tampa Bay Rays uniform. The player is in the middle of pitching, with a baseball in his hand and a baseball glove on his left hand. The mound is visible in the foreground, and the background shows a stadium with blue seats. There is no couch present in the image.;no;64;0;6;0.6353;0.0;0;FP_Hallucination;[64, 65]
80671;Negative;Step 1: Look at the image and describe the main objects and their spatial positions. | Step 2: Check if you can see a 'cat' among them. | Step 3: Answer to the question 'Is there a cat?' and provide a brief justification based on the visual evidence you analyzed.;In the image, there is a person skiing on a snowy slope. The person is wearing a blue and purple jacket, red pants, and red ski boots. The skis are attached to the boots. There is no cat visible in the image.;no;43;0;5;0.6706;0.0;0;FP_Hallucination;[43, 44]
476258;Positive;Step 1: Look at the image and describe the main objects and their spatial positions. | Step 2: Check if you can see a 'person' among them. | Step 3: Answer to the question 'Is there a person?' and provide a brief justification based on the visual evidence you analyzed.;Yes, there is a person in the image. The person is wearing a black and yellow protective suit and is riding a skateboard. The skateboarder is in motion, as indicated by the blurred background.;person;11;1;6;0.5373;16.258.000.135.421.700;0;FP_Scattered;[5, 11]
448365;Negative;Step 1: Look at the image and describe the main objects and their spatial positions. | Step 2: Check if you can see a 'refrigerator' among them. | Step 3: Answer to the question 'Is there a refrigerator?' and provide a brief justification based on the visual evidence you analyzed.;In the image, there is a boy performing a skateboard trick in mid-air. He is wearing a white t-shirt and yellow shorts. The skateboard is beneath him, and he is in the process of jumping. There is no refrigerator visible in the image.;no;44;0;5;0.6471;0.0;0;FP_Hallucination;[44, 45]
35197;Positive;Step 1: Look at the image and describe the main objects and their spatial positions. | Step 2: Check if you can see a 'person' among them. | Step 3: Answer to the question 'Is there a person?' and provide a brief justification based on the visual evidence you analyzed.;Yes, there is a person in the image. The person is wearing shorts and is skateboarding on a ramp. The skateboarder is positioned in the foreground, and the person is in the background, sitting on a ledge.;person;11;2;4;0.5216;22.272.000.312.805.100;0;FP_Scattered;[5, 11, 34]
180135;Positive;Step 1: Look at the image and describe the main objects and their spatial positions. | Step 2: Check if you can see a 'person' among them. | Step 3: Answer to the question 'Is there a person?' and provide a brief justification based on the visual evidence you analyzed.;Yes, there is a person in the image. The person is holding a microphone and a skateboard.;person;11;4;2;0.5333;15.565.999.746.322.600;0;FP_Scattered;[0, 5, 11]
180560;Positive;Step 1: Look at the image and describe the main objects and their spatial positions. | Step 2: Check if you can see a 'person' among them. | Step 3: Answer to the question 'Is there a person?' and provide a brief justification based on the visual evidence you analyzed.;Yes, there is a person. The person is standing in the background, wearing a dark jacket and glasses.;person;5;2;0;0.5922;23.417.999.744.415.200;1;None;[0, 5, 8]
347693;Positive;Step 1: Look at the image and describe the main objects and their spatial positions. | Step 2: Check if you can see a 'bed' among them. | Step 3: Answer to the question 'Is there a bed?' and provide a brief justification based on the visual evidence you analyzed.;Yes, there is a bed in the image. The bed is located towards the left side of the image, with a ladder leaning against it.;bed;11;1;3;0.6118;21.700.000.762.939.400;0;FP_Scattered;[5, 11]
39956;Positive;Step 1: Look at the image and describe the main objects and their spatial positions. | Step 2: Check if you can see a 'bed' among them. | Step 3: Answer to the question 'Is there a bed?' and provide a brief justification based on the visual evidence you analyzed.;Yes, there is a bed in the image. The bed is positioned against the brick wall, with a brown blanket covering it.;bed;5;2;0;0.549;21.630.001.068.115.200;1;None;[5, 11]
66523;Positive;Step 1: Look at the image and describe the main objects and their spatial positions. | Step 2: Check if you can see a 'bed' among them. | Step 3: Answer to the question 'Is there a bed?' and provide a brief justification based on the visual evidence you analyzed.;Yes, there is a bed in the image. The bed is positioned against the wall and has a canopy over it. The canopy is made of white fabric and is draped over the headboard and sides of the bed.;bed;5;2;0;0.5686;1.604.699.969.291.680;0;FP_Mispointed;[5, 11, 42]
355257;Negative;Step 1: Look at the image and describe the main objects and their spatial positions. | Step 2: Check if you can see a 'pizza' among them. | Step 3: Answer to the question 'Is there a pizza?' and provide a brief justification based on the visual evidence you analyzed.;In the image, there is a hospital bed with a patient lying on it. To the left of the bed, there is a medical monitor displaying vital signs, including a heart rate of 97. The monitor is connected to a IV bag hanging from a pole. The patient is wearing a blue hospital gown and has a medical device attached to their head. The bed is positioned against a wall with a sign indicating the patient's room number, which is 9. There are also some medical equipment and supplies around the bed.;NONE;-1;0;0;0.0;0.0;1;None;[106]
142092;Positive;Step 1: Look at the image and describe the main objects and their spatial positions. | Step 2: Check if you can see a 'pizza' among them. | Step 3: Answer to the question 'Is there a pizza?' and provide a brief justification based on the visual evidence you analyzed.;Yes, there is a pizza in the image. The pizza is located on a wooden cutting board, which is placed on a stove. The pizza appears to be topped with a creamy mixture and green vegetables, and it is placed on a white surface, possibly a countertop.;pizza;5;2;1;0.6627;1.480.299.949.645.990;0;FP_Scattered;[5, 11, 28]
199551;Positive;Step 1: Look at the image and describe the main objects and their spatial positions. | Step 2: Check if you can see a 'bed' among them. | Step 3: Answer to the question 'Is there a bed?' and provide a brief justification based on the visual evidence you analyzed.;Yes, there is a bed in the image. The bed is located at the bottom of the image, with a floral-patterned bedspread covering it.;bed;11;6;1;0.6745;18.625.999.689.102.100;0;FP_Scattered;[5, 11, 26]
551215;Positive;Step 1: Look at the image and describe the main objects and their spatial positions. | Step 2: Check if you can see a 'person' among them. | Step 3: Answer to the question 'Is there a person?' and provide a brief justification based on the visual evidence you analyzed.;Yes, there is a person in the image. The person is positioned in the center, wearing a white outfit and is actively engaged in playing tennis.;person;5;1;3;0.3059;2.233.099.937.438.960;0;FP_Scattered;[5, 11]
544519;Positive;Step 1: Look at the image and describe the main objects and their spatial positions. | Step 2: Check if you can see a 'person' among them. | Step 3: Answer to the question 'Is there a person?' and provide a brief justification based on the visual evidence you analyzed.;Yes, there is a person in the image. The person is holding a toothbrush and appears to be brushing their teeth.;person;5;8;0;0.4902;17.714.999.914.169.300;1;None;[5, 11]
96493;Positive;Step 1: Look at the image and describe the main objects and their spatial positions. | Step 2: Check if you can see a 'couch' among them. | Step 3: Answer to the question 'Is there a couch?' and provide a brief justification based on the visual evidence you analyzed.;Yes, there is a couch in the image. The boy is sitting on a beige couch, which is covered with a pink blanket.;couch;5;6;1;0.5569;2.336.400.032.043.450;0;FP_Scattered;[5, 17]
399462;Positive;Step 1: Look at the image and describe the main objects and their spatial positions. | Step 2: Check if you can see a 'person' among them. | Step 3: Answer to the question 'Is there a person?' and provide a brief justification based on the visual evidence you analyzed.;Yes, there is a person. The person is located in the background, standing on the grass.;person;8;3;3;0.5255;17.244.999.408.721.900;0;FP_Scattered;[0, 5, 8]
342006;Positive;Step 1: Look at the image and describe the main objects and their spatial positions. | Step 2: Check if you can see a 'boat' among them. | Step 3: Answer to the question 'Is there a boat?' and provide a brief justification based on the visual evidence you analyzed.;Yes, there is a boat in the image. The boat is located in the middle of the river, moving towards the right side of the frame.;boat;11;1;2;0.5608;2.636.699.914.932.250;0;FP_Scattered;[5, 11]
236412;Positive;Step 1: Look at the image and describe the main objects and their spatial positions. | Step 2: Check if you can see a 'pizza' among them. | Step 3: Answer to the question 'Is there a pizza?' and provide a brief justification based on the visual evidence you analyzed.;Yes, there is a pizza. The pizza is located in the center of the image, surrounded by a creamy sauce and topped with melted cheese.;pizza;5;1;5;0.6196;1.733.199.954.032.890;0;FP_Scattered;[5, 8]
153343;Negative;Step 1: Look at the image and describe the main objects and their spatial positions. | Step 2: Check if you can see a 'kite' among them. | Step 3: Answer to the question 'Is there a kite?' and provide a brief justification based on the visual evidence you analyzed.;There is no kite in the image. The main objects are two large, life-sized teddy bear statues, one dressed in a gray suit and the other in a red suit, both standing in front of a colorful hedge.;kite;3;0;1;0.5294;0.0;0;FP_Hallucination;[3]
231339;Positive;Step 1: Look at the image and describe the main objects and their spatial positions. | Step 2: Check if you can see a 'refrigerator' among them. | Step 3: Answer to the question 'Is there a refrigerator?' and provide a brief justification based on the visual evidence you analyzed.;Yes, there is a refrigerator in the image. The child is standing in front of the refrigerator, reaching inside to grab something.;refrigerator;5;4;2;0.3608;21.470.000.743.865.900;0;FP_Scattered;[5, 18]
550426;Positive;Step 1: Look at the image and describe the main objects and their spatial positions. | Step 2: Check if you can see a 'vase' among them. | Step 3: Answer to the question 'Is there a vase?' and provide a brief justification based on the visual evidence you analyzed.;Yes, there is a vase in the image. It is a clear glass vase with a floral arrangement inside, which includes red and white tulips. The vase is placed on a windowsill, and it is positioned in front of a window.;vase;15;2;2;0.5255;17.331.000.566.482.500;0;FP_Scattered;[5, 15, 31]
368294;Positive;Step 1: Look at the image and describe the main objects and their spatial positions. | Step 2: Check if you can see a 'person' among them. | Step 3: Answer to the question 'Is there a person?' and provide a brief justification based on the visual evidence you analyzed.;Yes, there is a person in the image. The person is wearing a yellow shirt and a pink head covering, and they are seated at a table. They are engaged in some activity, possibly related to the production of cigars, as there are cigars and tobacco visible on the table.;person;11;3;4;0.5059;2.738.300.085.067.740;0;FP_Scattered;[5, 11]
263796;Positive;Step 1: Look at the image and describe the main objects and their spatial positions. | Step 2: Check if you can see a 'toilet' among them. | Step 3: Answer to the question 'Is there a toilet?' and provide a brief justification based on the visual evidence you analyzed.;Yes, there is a toilet in the image. The toilet is located towards the bottom center of the image, with its seat and bowl visible. The toilet is red and appears to be in a state of disrepair, with dirt and grime visible on its surface.;toilet;5;1;1;0.549;2.391.700.029.373.160;0;FP_Scattered;[5, 11, 30]
487583;Positive;Step 1: Look at the image and describe the main objects and their spatial positions. | Step 2: Check if you can see a 'toilet' among them. | Step 3: Answer to the question 'Is there a toilet?' and provide a brief justification based on the visual evidence you analyzed.;Yes, there is a toilet in the image. It is located in the background, occupying a significant portion of the space.;toilet;5;2;3;0.5451;2.151.599.884.033.200;0;FP_Scattered;[5]
504711;Positive;Step 1: Look at the image and describe the main objects and their spatial positions. | Step 2: Check if you can see a 'fork' among them. | Step 3: Answer to the question 'Is there a fork?' and provide a brief justification based on the visual evidence you analyzed.;Yes, there is a fork in the image. The fork is positioned on the plate, with its prongs pointing towards the cake.;fork;5;1;0;0.498;22.916.998.863.220.200;1;None;[5, 11]
379453;Positive;Step 1: Look at the image and describe the main objects and their spatial positions. | Step 2: Check if you can see a 'airplane' among them. | Step 3: Answer to the question 'Is there a airplane?' and provide a brief justification based on the visual evidence you analyzed.;Yes, there is a airplane in the image. It is flying in the clear blue sky.;airplane;5;1;7;0.6039;14.191.999.435.424.800;0;FP_Scattered;[0, 5]
29393;Positive;Step 1: Look at the image and describe the main objects and their spatial positions. | Step 2: Check if you can see a 'dog' among them. | Step 3: Answer to the question 'Is there a dog?' and provide a brief justification based on the visual evidence you analyzed.;Yes, there is a dog in the image. The dog is standing on a concrete surface, and it is positioned in front of a tree with green leaves and some yellow fruits. The dog appears to be looking towards the camera.;dog;5;2;3;0.6471;20.576.000.213.623.000;0;FP_Scattered;[5, 11, 37]
48153;Negative;Step 1: Look at the image and describe the main objects and their spatial positions. | Step 2: Check if you can see a 'keyboard' among them. | Step 3: Answer to the question 'Is there a keyboard?' and provide a brief justification based on the visual evidence you analyzed.;There is no keyboard in the image. The main objects are a pink pointed-toe shoe with a bow, a person's leg wearing blue jeans, and a blue and green wooden bench. There is no indication of a keyboard in the image.;keyboard;3;0;8;0.498;0.0;0;FP_Hallucination;[3, 40, 44]
223130;Positive;Step 1: Look at the image and describe the main objects and their spatial positions. | Step 2: Check if you can see a 'giraffe' among them. | Step 3: Answer to the question 'Is there a giraffe?' and provide a brief justification based on the visual evidence you analyzed.;Yes, there is a giraffe in the image. The giraffe is positioned in the center, standing tall and reaching towards the branches of a tree. It is surrounded by a natural environment with trees and grass, indicating a savannah or grassland habitat.;<|im_end|>;52;0;4;0.5647;0.43369999527931213;0;FP_Scattered;[52]
344059;Positive;Step 1: Look at the image and describe the main objects and their spatial positions. | Step 2: Check if you can see a 'giraffe' among them. | Step 3: Answer to the question 'Is there a giraffe?' and provide a brief justification based on the visual evidence you analyzed.;Yes, there is a giraffe. The giraffe is standing on the left side of the image, and it is positioned between two trees.;<|im_end|>;29;1;7;0.5961;2.088.099.956.512.450;0;FP_Scattered;[29]
87875;Negative;Step 1: Look at the image and describe the main objects and their spatial positions. | Step 2: Check if you can see a 'airplane' among them. | Step 3: Answer to the question 'Is there a airplane?' and provide a brief justification based on the visual evidence you analyzed.;In the image, there is a fire hydrant located in the foreground, positioned on a grassy area. The fire hydrant is surrounded by greenery, including a bush and some trees. There is no airplane visible in the image.;no;41;0;2;0.6314;0.0;0;FP_Hallucination;[41, 42]
460160;Positive;Step 1: Look at the image and describe the main objects and their spatial positions. | Step 2: Check if you can see a 'bird' among them. | Step 3: Answer to the question 'Is there a bird?' and provide a brief justification based on the visual evidence you analyzed.;Yes, there is a bird in the image. The bird is white and appears to be a swan, as indicated by its long neck and webbed feet. It is standing on the sandy shore near the water, with a blue rope tied around its neck.;bird;5;1;3;0.5686;218.969.988.822.937;0;FP_Scattered;[5, 11]
30675;Positive;Step 1: Look at the image and describe the main objects and their spatial positions. | Step 2: Check if you can see a 'train' among them. | Step 3: Answer to the question 'Is there a train?' and provide a brief justification based on the visual evidence you analyzed.;"Yes, there is a train. The train is located on the tracks, and it is the main object in the image. The train is orange with the letters ""BNSF"" on it, and it is moving along the tracks.";train;5;3;2;0.5647;1.513.800.024.986.260;0;FP_Scattered;[5, 8, 26]
338428;Positive;Step 1: Look at the image and describe the main objects and their spatial positions. | Step 2: Check if you can see a 'bus' among them. | Step 3: Answer to the question 'Is there a bus?' and provide a brief justification based on the visual evidence you analyzed.;Yes, there is a bus in the image. The bus is located behind the green truck, partially visible on the right side of the image.;bus;11;1;6;0.4667;1.753.000.020.980.830;0;FP_Scattered;[5, 11]
545826;Positive;Step 1: Look at the image and describe the main objects and their spatial positions. | Step 2: Check if you can see a 'cat' among them. | Step 3: Answer to the question 'Is there a cat?' and provide a brief justification based on the visual evidence you analyzed.;Yes, there is a cat in the image. The cat is black and white, and it is sitting on a chair. The cat is wearing a blue and white hat that resembles an elephant's head.;cat;5;1;0;0.4745;2.166.300.058.364.860;1;None;[5, 11, 26]
269314;Negative;Step 1: Look at the image and describe the main objects and their spatial positions. | Step 2: Check if you can see a 'bench' among them. | Step 3: Answer to the question 'Is there a bench?' and provide a brief justification based on the visual evidence you analyzed.;In the image, there is a cat perched on a branch of a banana tree. The cat is positioned towards the center of the image, and the banana tree occupies the left and right sides of the image. There is no bench visible in the image.;no;45;0;3;0.6549;0.0;0;FP_Hallucination;[45, 46]
476415;Negative;Step 1: Look at the image and describe the main objects and their spatial positions. | Step 2: Check if you can see a 'skis' among them. | Step 3: Answer to the question 'Is there a skis?' and provide a brief justification based on the visual evidence you analyzed.;There is no existence of skis in the image.;no;2;0;7;0.6078;0.0;0;FP_Hallucination;[2]
84477;Positive;Step 1: Look at the image and describe the main objects and their spatial positions. | Step 2: Check if you can see a 'umbrella' among them. | Step 3: Answer to the question 'Is there a umbrella?' and provide a brief justification based on the visual evidence you analyzed.;Yes, there is an umbrella in the image. It is blue and is positioned above the beach chair, providing shade to the area underneath.;umbrella;5;1;1;0.6314;25.369.999.408.721.900;0;FP_Scattered;[5]
562243;Positive;Step 1: Look at the image and describe the main objects and their spatial positions. | Step 2: Check if you can see a 'tie' among them. | Step 3: Answer to the question 'Is there a tie?' and provide a brief justification based on the visual evidence you analyzed.;Yes, there is a tie. The tie is located around the neck area of the person, which is visible in the image.;tie;8;1;3;0.6078;27.558.000.087.738.000;0;FP_Scattered;[5, 8]
181859;Positive;Step 1: Look at the image and describe the main objects and their spatial positions. | Step 2: Check if you can see a 'cat' among them. | Step 3: Answer to the question 'Is there a cat?' and provide a brief justification based on the visual evidence you analyzed.;Yes, there is a cat in the image. The cat is sitting in the sink, which is located on the countertop of a bathroom.;cat;11;1;2;0.5608;26.380.999.088.287.300;0;FP_Scattered;[5, 11, 20]
288042;Positive;Step 1: Look at the image and describe the main objects and their spatial positions. | Step 2: Check if you can see a 'person' among them. | Step 3: Answer to the question 'Is there a person?' and provide a brief justification based on the visual evidence you analyzed.;Yes, there is a person in the image. The person is standing on the sidewalk, holding an umbrella, and appears to be walking.;person;11;1;6;0.4118;3.746.299.982.070.920;0;FP_Scattered;[5, 11]
453860;Positive;Step 1: Look at the image and describe the main objects and their spatial positions. | Step 2: Check if you can see a 'suitcase' among them. | Step 3: Answer to the question 'Is there a suitcase?' and provide a brief justification based on the visual evidence you analyzed.;Yes, there is a suitcase in the image. The suitcase is located on the left side of the image, and it is positioned in a way that it appears to be standing upright.;suitcase;11;2;2;0.6314;19.883.999.824.523.900;0;FP_Scattered;[5, 11]
375015;Positive;Step 1: Look at the image and describe the main objects and their spatial positions. | Step 2: Check if you can see a 'bear' among them. | Step 3: Answer to the question 'Is there a bear?' and provide a brief justification based on the visual evidence you analyzed.;Yes, there is a bear in the image. The bear is positioned on a rock, and it appears to be walking or standing on the rock. The bear's fur is brown, and it is looking to its left.;bear;5;2;0;0.5569;27.957.000.732.421.800;1;None;[5, 11, 31]
283520;Positive;Step 1: Look at the image and describe the main objects and their spatial positions. | Step 2: Check if you can see a 'person' among them. | Step 3: Answer to the question 'Is there a person?' and provide a brief justification based on the visual evidence you analyzed.;Yes, there is a person. The person in the blue shirt is standing on the left side of the image, while the person in the gray shirt is standing on the right side. They are both holding frisbees, and the person in the blue shirt is in the process of throwing the frisbee.;person;5;2;3;0.5059;18.203.999.996.185.300;0;FP_Scattered;[5, 8, 25, 48]
319721;Positive;Step 1: Look at the image and describe the main objects and their spatial positions. | Step 2: Check if you can see a 'horse' among them. | Step 3: Answer to the question 'Is there a horse?' and provide a brief justification based on the visual evidence you analyzed.;Yes, there is a horse in the image. The horse is positioned in the center, standing on a pathway near a barn. The woman is standing to the left of the horse, and the barn is visible in the background.;horse;11;2;1;0.498;2.247.299.909.591.670;0;FP_Scattered;[5, 11, 35]
118921;Positive;Step 1: Look at the image and describe the main objects and their spatial positions. | Step 2: Check if you can see a 'person' among them. | Step 3: Answer to the question 'Is there a person?' and provide a brief justification based on the visual evidence you analyzed.;Yes, there is a person in the image. The person is standing on skis, holding ski poles, and wearing a pink jacket and black pants. The skis are on the snow, and the person is positioned in the center of the image.;person;41;1;3;0.4863;23.180.999.755.859.300;0;FP_Scattered;[5, 11, 41]
785;Positive;Step 1: Look at the image and describe the main objects and their spatial positions. | Step 2: Check if you can see a 'person' among them. | Step 3: Answer to the question 'Is there a person?' and provide a brief justification based on the visual evidence you analyzed.;Yes, there is a person in the image. The person is skiing down a snowy slope.;person;5;2;3;0.5059;19.979.000.091.552.700;0;FP_Scattered;[0, 5, 11]
300842;Positive;Step 1: Look at the image and describe the main objects and their spatial positions. | Step 2: Check if you can see a 'skateboard' among them. | Step 3: Answer to the question 'Is there a skateboard?' and provide a brief justification based on the visual evidence you analyzed.;Yes, there is a skateboard in the image. The skateboard is positioned horizontally on a smooth surface, with its wheels facing upwards. The skateboard is the main object in the scene, and it is located in the center of the image.;skateboard;27;2;7;0.5843;15.877.000.093.460.000;0;FP_Scattered;[5, 11, 27]
99242;Negative;Step 1: Look at the image and describe the main objects and their spatial positions. | Step 2: Check if you can see a 'laptop' among them. | Step 3: Answer to the question 'Is there a laptop?' and provide a brief justification based on the visual evidence you analyzed.;In the image, there is a man skiing down a snow-covered slope. He is wearing a black jacket, blue jeans, and a beige hat. He is holding two ski poles and is positioned in the center of the image. There is no laptop visible in the image.;no;48;0;4;0.6588;0.0;0;FP_Hallucination;[48, 49]
314709;Positive;Step 1: Look at the image and describe the main objects and their spatial positions. | Step 2: Check if you can see a 'person' among them. | Step 3: Answer to the question 'Is there a person?' and provide a brief justification based on the visual evidence you analyzed.;Yes, there is a person in the image. The person is skiing down a snowy slope, and they are positioned in the center of the image.;person;11;2;3;0.451;2.244.999.885.559.080;0;FP_Scattered;[5, 11]
409475;Negative;Step 1: Look at the image and describe the main objects and their spatial positions. | Step 2: Check if you can see a 'dining table' among them. | Step 3: Answer to the question 'Is there a dining table?' and provide a brief justification based on the visual evidence you analyzed.;There is no dining table in the image. The main objects are two people skiing, with one wearing a blue jacket and the other wearing a brown jacket. They are holding ski poles and are standing on a snowy slope with a mountainous background.;<|im_end|>;49;0;6;0.4941;0.0;0;FP_Hallucination;[49]
464786;Negative;Step 1: Look at the image and describe the main objects and their spatial positions. | Step 2: Check if you can see a 'apple' among them. | Step 3: Answer to the question 'Is there a apple?' and provide a brief justification based on the visual evidence you analyzed.;There is no apple in the image. The main objects are a hot dog with mustard and a bun, both wrapped in white paper.;apple;3;0;4;0.6431;0.0;0;FP_Hallucination;[3]
372577;Positive;Step 1: Look at the image and describe the main objects and their spatial positions. | Step 2: Check if you can see a 'person' among them. | Step 3: Answer to the question 'Is there a person?' and provide a brief justification based on the visual evidence you analyzed.;Yes, there is a person in the image. The person is wearing a black shirt, black shorts, white socks, and blue and white tennis shoes. They are holding a tennis racket and are positioned on a tennis court.;person;5;1;6;0.3843;20.160.999.298.095.700;0;FP_Scattered;[5, 11]
212166;Negative;Step 1: Look at the image and describe the main objects and their spatial positions. | Step 2: Check if you can see a 'frisbee' among them. | Step 3: Answer to the question 'Is there a frisbee?' and provide a brief justification based on the visual evidence you analyzed.;There is no frisbee in the image. The main objects are a young child, a plate of pizza, and a high chair. The child is sitting in the high chair, and the pizza is on the plate in front of him.;<|im_end|>;49;0;6;0.451;0.0;0;FP_Hallucination;[49]
84431;Negative;Step 1: Look at the image and describe the main objects and their spatial positions. | Step 2: Check if you can see a 'person' among them. | Step 3: Answer to the question 'Is there a person?' and provide a brief justification based on the visual evidence you analyzed.;Yes, there is a person. The person is visible in the background of the television screen.;Yes;0;0;8;0.5569;0.0;0;FP_Hallucination;[0, 5, 8]
100582;Negative;Step 1: Look at the image and describe the main objects and their spatial positions. | Step 2: Check if you can see a 'spoon' among them. | Step 3: Answer to the question 'Is there a spoon?' and provide a brief justification based on the visual evidence you analyzed.;There is no spoon visible in the image.;no;2;0;3;0.6;0.0;0;FP_Hallucination;[2, 3]
555412;Positive;Step 1: Look at the image and describe the main objects and their spatial positions. | Step 2: Check if you can see a 'pizza' among them. | Step 3: Answer to the question 'Is there a pizza?' and provide a brief justification based on the visual evidence you analyzed.;Yes, there is a pizza in the image. The pizza is located towards the bottom right corner, with a slice of bread or crust visible at the bottom. The crust appears to be golden brown and slightly crispy, indicating it might be freshly baked.;pizza;5;5;0;0.6196;15.733.000.040.054.300;1;None;[5, 11]
4495;Negative;Step 1: Look at the image and describe the main objects and their spatial positions. | Step 2: Check if you can see a 'cell phone' among them. | Step 3: Answer to the question 'Is there a cell phone?' and provide a brief justification based on the visual evidence you analyzed.;In the image, there is a red and blue plaid sofa, a wooden TV stand, a wooden chair, a whiteboard, and a framed picture on the wall. There is no cell phone visible in the image.;no;37;0;2;0.6431;0.0;0;FP_Hallucination;[37]
31050;Positive;Step 1: Look at the image and describe the main objects and their spatial positions. | Step 2: Check if you can see a 'vase' among them. | Step 3: Answer to the question 'Is there a vase?' and provide a brief justification based on the visual evidence you analyzed.;Yes, there is a vase in the image. It is a tall, cylindrical vase with a marbled design, positioned on a white pedestal. The vase is holding a dried flower arrangement that includes various dried plants and a decorative stick.;vase;5;2;3;0.5569;17.663.999.795.913.600;0;FP_Scattered;[5, 16, 30]
239537;Positive;Step 1: Look at the image and describe the main objects and their spatial positions. | Step 2: Check if you can see a 'person' among them. | Step 3: Answer to the question 'Is there a person?' and provide a brief justification based on the visual evidence you analyzed.;Yes, there is a person in the image. The person is positioned in the center, wearing a white shirt, white shorts, and white shoes, and is holding a tennis racket. The tennis ball is located to the left of the person, near the baseline of the tennis court.;person;11;4;6;0.4902;16.993.999.481.201.100;0;FP_Scattered;[5, 11, 47]
340930;Negative;Step 1: Look at the image and describe the main objects and their spatial positions. | Step 2: Check if you can see a 'oven' among them. | Step 3: Answer to the question 'Is there a oven?' and provide a brief justification based on the visual evidence you analyzed.;In the image, there is a pair of orange-handled scissors prominently displayed. The scissors are positioned in the foreground, with a variety of colorful markers and pens arranged behind them. There is no oven visible in the image.;no;38;0;4;0.5922;0.0;0;FP_Hallucination;[38, 39]
11813;Positive;Step 1: Look at the image and describe the main objects and their spatial positions. | Step 2: Check if you can see a 'laptop' among them. | Step 3: Answer to the question 'Is there a laptop?' and provide a brief justification based on the visual evidence you analyzed.;Yes, there is a laptop. It is placed on a chair in the foreground, and it is open, indicating that someone might be working on it.;laptop;5;1;1;0.5569;2.625.200.033.187.860;0;FP_Scattered;[5]
281414;Positive;Step 1: Look at the image and describe the main objects and their spatial positions. | Step 2: Check if you can see a 'person' among them. | Step 3: Answer to the question 'Is there a person?' and provide a brief justification based on the visual evidence you analyzed.;Yes, there is a person in the image. The person is sitting on a brick wall, wearing a green tank top, dark pants, and colorful socks. They are holding a cell phone in their hands.;person;11;2;3;0.3843;14.536.999.464.035.000;0;FP_Scattered;[5, 11]
284282;Positive;Step 1: Look at the image and describe the main objects and their spatial positions. | Step 2: Check if you can see a 'dining table' among them. | Step 3: Answer to the question 'Is there a dining table?' and provide a brief justification based on the visual evidence you analyzed.;Yes, there is a dining table in the image. The main objects on the table include a blender and a printer. The blender is positioned to the left of the printer, and both are placed on a green surface.;<|im_end|>;44;2;3;0.5647;16.461.999.416.351.300;0;FP_Scattered;[44]
521282;Negative;Step 1: Look at the image and describe the main objects and their spatial positions. | Step 2: Check if you can see a 'baseball glove' among them. | Step 3: Answer to the question 'Is there a baseball glove?' and provide a brief justification based on the visual evidence you analyzed.;In the image, there is a clear glass pitcher with a handle holding a bouquet of white and yellow daffodils. The pitcher is placed on a surface, and the daffodils are arranged in a vase-like arrangement inside the pitcher. There is no baseball glove visible in the image.;no;52;0;9;0.451;0.0;0;FP_Hallucination;[52]
108026;Positive;Step 1: Look at the image and describe the main objects and their spatial positions. | Step 2: Check if you can see a 'person' among them. | Step 3: Answer to the question 'Is there a person?' and provide a brief justification based on the visual evidence you analyzed.;Yes, there is a person in the image. The person is wearing a brown sweater and is holding a computer mouse and a game controller.;person;11;4;4;0.4549;26.881.000.995.635.900;0;FP_Scattered;[5, 11]
397327;Positive;Step 1: Look at the image and describe the main objects and their spatial positions. | Step 2: Check if you can see a 'toilet' among them. | Step 3: Answer to the question 'Is there a toilet?' and provide a brief justification based on the visual evidence you analyzed.;Yes, there is a toilet in the image. The toilet is located on the left side, with a white seat and lid, and a cistern above it.;toilet;11;1;0;0.5412;20.467.000.007.629.300;1;None;[5, 11]
376442;Positive;Step 1: Look at the image and describe the main objects and their spatial positions. | Step 2: Check if you can see a 'toilet' among them. | Step 3: Answer to the question 'Is there a toilet?' and provide a brief justification based on the visual evidence you analyzed.;Yes, there is a toilet in the image. The toilet is located in the center of the image, with a black stuffed animal sitting on its seat.;toilet;5;7;1;0.6902;12.721.999.883.651.700;0;FP_Scattered;[5, 11]
187243;Positive;Step 1: Look at the image and describe the main objects and their spatial positions. | Step 2: Check if you can see a 'person' among them. | Step 3: Answer to the question 'Is there a person?' and provide a brief justification based on the visual evidence you analyzed.;Yes, there is a person in the image. The person is lying on the floor in the bathroom, with their head resting on a pink trash can.;person;11;1;2;0.5529;345.740.008.354.187;0;FP_Scattered;[5, 11]
293044;Positive;Step 1: Look at the image and describe the main objects and their spatial positions. | Step 2: Check if you can see a 'dining table' among them. | Step 3: Answer to the question 'Is there a dining table?' and provide a brief justification based on the visual evidence you analyzed.;Yes, there is a dining table in the image. The lunch box is placed on a table, which is visible in the background.;<|im_end|>;27;1;0;0.7451;22.353.999.614.715.500;0;FP_Mispointed;[27]
560279;Positive;Step 1: Look at the image and describe the main objects and their spatial positions. | Step 2: Check if you can see a 'toilet' among them. | Step 3: Answer to the question 'Is there a toilet?' and provide a brief justification based on the visual evidence you analyzed.;Yes, there is a toilet in the image. The toilet is located in the center of the image, with the tank and the lid visible. The toilet is positioned against a tiled wall, and there is a trash can to its right.;toilet;11;4;3;0.5647;14.522.000.551.223.700;0;FP_Scattered;[5, 11, 30]
42276;Negative;Step 1: Look at the image and describe the main objects and their spatial positions. | Step 2: Check if you can see a 'elephant' among them. | Step 3: Answer to the question 'Is there a elephant?' and provide a brief justification based on the visual evidence you analyzed.;In the image, there is a toilet, a potted plant, a stool, a pair of shoes, a helmet, and some clothes scattered on the floor. There is no elephant visible in the image.;no;35;0;7;0.6157;0.0;0;FP_Hallucination;[35, 36]
190756;Positive;Step 1: Look at the image and describe the main objects and their spatial positions. | Step 2: Check if you can see a 'motorcycle' among them. | Step 3: Answer to the question 'Is there a motorcycle?' and provide a brief justification based on the visual evidence you analyzed.;Yes, there is a motorcycle in the image. The motorcycle is blue and is being ridden by a person who is performing a jump. The rider is wearing protective gear, including a helmet and gloves, and the motorcycle has a visible front wheel and handlebars.;motorcycle;5;5;2;0.6157;15.125.000.476.837.100;0;FP_Scattered;[5, 11, 42]
199977;Positive;Step 1: Look at the image and describe the main objects and their spatial positions. | Step 2: Check if you can see a 'airplane' among them. | Step 3: Answer to the question 'Is there a airplane?' and provide a brief justification based on the visual evidence you analyzed.;Yes, there is an airplane in the image. The airplane is flying in the sky, and it is the main object in the scene. The smoke coming out of the plane is a clear indication of its presence.;airplane;5;1;2;0.5922;15.976.999.998.092.600;0;FP_Scattered;[5, 11]
442480;Positive;Step 1: Look at the image and describe the main objects and their spatial positions. | Step 2: Check if you can see a 'airplane' among them. | Step 3: Answer to the question 'Is there a airplane?' and provide a brief justification based on the visual evidence you analyzed.;Yes, there is an airplane in the image. The airplane is positioned on the tarmac, with its front facing the viewer.;airplane;5;2;1;0.6235;14.192.999.601.364.100;0;FP_Scattered;[5, 11]
384350;Positive;Step 1: Look at the image and describe the main objects and their spatial positions. | Step 2: Check if you can see a 'airplane' among them. | Step 3: Answer to the question 'Is there a airplane?' and provide a brief justification based on the visual evidence you analyzed.;Yes, there is an airplane in the image. The airplane is positioned on the tarmac, with its wings spread out and its landing gear retracted. The Qantas logo is clearly visible on the fuselage, indicating it is a Qantas airplane.;airplane;5;3;2;0.6392;14.555.000.066.757.200;0;FP_Scattered;[5, 11, 49]
