img_id,query_type,prompt,output,target_token,token_index,num_target_hotspots,num_distractors,kmeans_threshold,tbr,is_correct_id,failure_reason,tokens_analyzed
1,Positive,Step 1: Look at the image and describe the main objects and their spatial positions. | Step 2: Check if you can see a 'radiator' among them. | Step 3: Answer to the question 'Is there a radiator?' and provide a brief justification based on the visual evidence you analyzed.,"Yes, there is a radiator in the image. The radiator is positioned against the wall, and it is white in color. It is vertically aligned and appears to be a standard radiator used for heating purposes.",radiator,5,1,5,0.5294,2.3870999813079834,0,FP_Scattered,"[5, 11, 35]"
2,Positive,Step 1: Look at the image and describe the main objects and their spatial positions. | Step 2: Check if you can see a 'pen' among them. | Step 3: Answer to the question 'Is there a pen?' and provide a brief justification based on the visual evidence you analyzed.,"Yes, there is a pen. The pen is located on the table, positioned to the left of the pencil case and slightly in front of the notepad.",pen,5,1,3,0.6,1.7293000221252441,0,FP_Scattered,"[5, 8, 21]"
3,Positive,Step 1: Look at the image and describe the main objects and their spatial positions. | Step 2: Check if you can see a 'vase' among them. | Step 3: Answer to the question 'Is there a vase?' and provide a brief justification based on the visual evidence you analyzed.,"Yes, there is a vase in the image. It is a white, cylindrical vase with a ribbed design, placed on a black surface.",vase,16,1,6,0.5176,2.519200086593628,0,FP_Scattered,"[5, 16]"
4,Positive,Step 1: Look at the image and describe the main objects and their spatial positions. | Step 2: Check if you can see a 'pot' among them. | Step 3: Answer to the question 'Is there a pot?' and provide a brief justification based on the visual evidence you analyzed.,"Yes, there is a pot in the image. The pot is placed on the kitchen sink, which is located in the center of the image. The pot is positioned on the left side of the sink, and it appears to be empty.",pot,30,1,4,0.5412,2.5078999996185303,0,FP_Scattered,"[5, 11, 30]"
5,Positive,Step 1: Look at the image and describe the main objects and their spatial positions. | Step 2: Check if you can see a 'cup' among them. | Step 3: Answer to the question 'Is there a cup?' and provide a brief justification based on the visual evidence you analyzed.,"Yes, there is a cup in the image. The cup is located on the left side, taking up a significant portion of the frame. It is yellow with a blue lid and has a floral design on it.",cup,5,1,2,0.7059,1.4464000463485718,0,FP_Scattered,"[5, 11]"
6,Positive,Step 1: Look at the image and describe the main objects and their spatial positions. | Step 2: Check if you can see a 'cabinet' among them. | Step 3: Answer to the question 'Is there a cabinet?' and provide a brief justification based on the visual evidence you analyzed.,"Yes, there is a cabinet in the image. It is located on the wall, positioned above a window. The cabinet has a wooden finish and is mounted on the wall, with glass doors.",cabinet,5,1,3,0.5765,1.996399998664856,0,FP_Scattered,"[5, 23]"
7,Positive,Step 1: Look at the image and describe the main objects and their spatial positions. | Step 2: Check if you can see a 'dog' among them. | Step 3: Answer to the question 'Is there a dog?' and provide a brief justification based on the visual evidence you analyzed.,"Yes, there is a dog in the image. The dog is sitting in a basket, which is placed on the floor. The basket is covered with a blanket and contains a stuffed toy, which is a panda. The dog appears to be resting or sleeping in the basket.",dog,11,2,5,0.5882,1.5636999607086182,0,FP_Scattered,"[5, 11, 44]"
8,Negative,Step 1: Look at the image and describe the main objects and their spatial positions. | Step 2: Check if you can see a 'bag' among them. | Step 3: Answer to the question 'Is there a bag?' and provide a brief justification based on the visual evidence you analyzed.,"In the image, there is a clear plastic bottle of water placed upright against a white wall. To the right of the bottle, there is a rolled-up blue yoga mat. The bottle is positioned on a flat surface, likely a table or a counter. There is no visible bag in the image.",NONE,-1,0,0,0.0,0.0,1,None,"[53, 55]"
9,Negative,Step 1: Look at the image and describe the main objects and their spatial positions. | Step 2: Check if you can see a 'cabinet' among them. | Step 3: Answer to the question 'Is there a cabinet?' and provide a brief justification based on the visual evidence you analyzed.,"Yes, there is a cabinet in the image. It is located to the right of the backpacks and appears to be a storage unit with multiple drawers.",cabinet,5,0,4,0.5294,0.0,0,FP_Hallucination,[5]
10,Positive,Step 1: Look at the image and describe the main objects and their spatial positions. | Step 2: Check if you can see a 'door' among them. | Step 3: Answer to the question 'Is there a door?' and provide a brief justification based on the visual evidence you analyzed.,"Yes, there is a door in the image. The door is centrally located and appears to be made of wood, with a wooden frame and a metallic doorknob. The door is closed, and there is a light switch on the wall to the right of the door.",door,11,1,2,0.6392,1.5467000007629395,0,FP_Scattered,"[5, 11, 35, 53]"
12,Positive,Step 1: Look at the image and describe the main objects and their spatial positions. | Step 2: Check if you can see a 'shoes' among them. | Step 3: Answer to the question 'Is there a shoes?' and provide a brief justification based on the visual evidence you analyzed.,"Yes, there are shoes in the image. They are black and white sneakers placed on a tiled floor.",shoes,4,1,4,0.6392,1.8006000518798828,0,FP_Scattered,"[0, 4]"
13,Positive,Step 1: Look at the image and describe the main objects and their spatial positions. | Step 2: Check if you can see a 'stone' among them. | Step 3: Answer to the question 'Is there a stone?' and provide a brief justification based on the visual evidence you analyzed.,"Yes, there is a stone in the image. The stone is located on the floor, positioned between the wooden wall and the yellow-tiled floor. It is a small, irregularly shaped object with a grayish color and a white pattern on its surface.",stone,5,1,4,0.6431,1.4457000494003296,0,FP_Scattered,"[5, 11]"
14,Positive,Step 1: Look at the image and describe the main objects and their spatial positions. | Step 2: Check if you can see a 'mouse' among them. | Step 3: Answer to the question 'Is there a mouse?' and provide a brief justification based on the visual evidence you analyzed.,"Yes, there is a mouse. It is located on the desk, slightly to the left of the center of the image. The mouse is black and has the Logitech logo on it.",mouse,5,1,3,0.6,1.820199966430664,0,FP_Scattered,"[5, 26]"
15,Positive,Step 1: Look at the image and describe the main objects and their spatial positions. | Step 2: Check if you can see a 'bulb' among them. | Step 3: Answer to the question 'Is there a bulb?' and provide a brief justification based on the visual evidence you analyzed.,"Yes, there is a bulb in the image. The bulb is positioned on a surface, and it has a clear glass globe with the word ""dream"" written on it. The bulb is placed against a plain background, and there is a small turquoise object to the right of the bulb.",bulb,5,2,10,0.6275,1.7364000082015991,0,FP_Scattered,"[5, 11, 36, 56]"
16,Negative,Step 1: Look at the image and describe the main objects and their spatial positions. | Step 2: Check if you can see a 'pen' among them. | Step 3: Answer to the question 'Is there a pen?' and provide a brief justification based on the visual evidence you analyzed.,"The image depicts a narrow street with an old stone wall on the left side, which appears to be a part of a historic building. There is a bicycle parked against the wall, and a small archway leading into a tunnel. On the right side of the image, there is a bush with purple flowers. The sky is clear, and the overall scene suggests an old, possibly Mediterranean, town. There is no pen visible in the image.",NONE,-1,0,0,0.0,0.0,1,None,"[82, 83]"
17,Positive,Step 1: Look at the image and describe the main objects and their spatial positions. | Step 2: Check if you can see a 'tablet' among them. | Step 3: Answer to the question 'Is there a tablet?' and provide a brief justification based on the visual evidence you analyzed.,"Yes, there is a tablet. It is placed on a white drawer with a leopard print case.",tablet,5,1,2,0.5216,2.0843000411987305,0,FP_Scattered,"[0, 5]"
18,Positive,Step 1: Look at the image and describe the main objects and their spatial positions. | Step 2: Check if you can see a 'laptop' among them. | Step 3: Answer to the question 'Is there a laptop?' and provide a brief justification based on the visual evidence you analyzed.,"Yes, there is a laptop. It is placed on a table, and it has a variety of stickers on its surface.",laptop,5,2,9,0.4706,1.6647000312805176,0,FP_Scattered,[5]
19,Positive,Step 1: Look at the image and describe the main objects and their spatial positions. | Step 2: Check if you can see a 'controller' among them. | Step 3: Answer to the question 'Is there a controller?' and provide a brief justification based on the visual evidence you analyzed.,"Yes, there is a controller. It is a blue Xbox One controller with a USB cable connected to it. The controller is placed on a shelf next to a black computer tower.",controller,5,1,4,0.4863,2.5232999324798584,0,FP_Scattered,"[5, 13, 23]"
20,Negative,Step 1: Look at the image and describe the main objects and their spatial positions. | Step 2: Check if you can see a 'television' among them. | Step 3: Answer to the question 'Is there a television?' and provide a brief justification based on the visual evidence you analyzed.,"In the image, there is a table with a textured surface, a ladder leaning against the wall, a clock on the wall, a poster on the wall, and a basket hanging from the ceiling. There is no television visible in the image.",NONE,-1,0,0,0.0,0.0,1,None,"[42, 43]"
21,Positive,Step 1: Look at the image and describe the main objects and their spatial positions. | Step 2: Check if you can see a 'television' among them. | Step 3: Answer to the question 'Is there a television?' and provide a brief justification based on the visual evidence you analyzed.,"Yes, there is a television in the image. It is located on a wooden surface, which appears to be a desk or a table. The television is positioned in the center of the image, and it is turned off.",television,5,1,1,0.5882,2.2309999465942383,0,FP_Scattered,"[5, 29]"
22,Negative,Step 1: Look at the image and describe the main objects and their spatial positions. | Step 2: Check if you can see a 'cardboard box' among them. | Step 3: Answer to the question 'Is there a cardboard box?' and provide a brief justification based on the visual evidence you analyzed.,"In the image, there is a dining table with a decorative tablecloth featuring embroidered designs. On the table, there are two remote controls and a glass vase. The table is surrounded by four chairs, and the background includes a window with sheer curtains. There is no cardboard box visible in the image.",NONE,-1,0,0,0.0,0.0,1,None,[52]
23,Negative,Step 1: Look at the image and describe the main objects and their spatial positions. | Step 2: Check if you can see a 'tree' among them. | Step 3: Answer to the question 'Is there a tree?' and provide a brief justification based on the visual evidence you analyzed.,"There are no trees visible in the image. The objects present are a beige bag with a plastic bag inside, a gray handbag, and a black bag hanging on the wall.",NONE,-1,0,0,0.0,0.0,1,None,[3]
25,Negative,Step 1: Look at the image and describe the main objects and their spatial positions. | Step 2: Check if you can see a 'remote control' among them. | Step 3: Answer to the question 'Is there a remote control?' and provide a brief justification based on the visual evidence you analyzed.,"In the image, there is a potted plant on the left side, a small cabinet with three drawers on the right side, and an umbrella in a brass stand on the floor. There is no remote control visible in the image.",NONE,-1,0,0,0.0,0.0,1,None,[39]
26,Positive,Step 1: Look at the image and describe the main objects and their spatial positions. | Step 2: Check if you can see a 'chair' among them. | Step 3: Answer to the question 'Is there a chair?' and provide a brief justification based on the visual evidence you analyzed.,"Yes, there is a chair in the image. The chair is positioned in the foreground, with its back facing the viewer. It has a blue seat and a black frame, and it is placed on a tiled floor.",chair,11,1,4,0.6118,1.7069000005722046,0,FP_Scattered,"[5, 11]"
27,Negative,Step 1: Look at the image and describe the main objects and their spatial positions. | Step 2: Check if you can see a 'tablet' among them. | Step 3: Answer to the question 'Is there a tablet?' and provide a brief justification based on the visual evidence you analyzed.,There are no tablets visible in the image. The main objects are a pair of black boots placed on a textured floor.,NONE,-1,0,0,0.0,0.0,1,None,"[2, 3]"
28,Negative,Step 1: Look at the image and describe the main objects and their spatial positions. | Step 2: Check if you can see a 'bottle' among them. | Step 3: Answer to the question 'Is there a bottle?' and provide a brief justification based on the visual evidence you analyzed.,"In the image, there is a narrow alleyway with cobblestone pavement. On the left side, there are buildings with balconies and windows, some of which are under construction. On the right side, there is a parked black car. There are also some green plants growing on the walls of the buildings. No, there is no bottle visible in the image.",NONE,-1,0,0,0.0,0.0,1,None,"[63, 67, 68]"
29,Positive,Step 1: Look at the image and describe the main objects and their spatial positions. | Step 2: Check if you can see a 'hairdryer' among them. | Step 3: Answer to the question 'Is there a hairdryer?' and provide a brief justification based on the visual evidence you analyzed.,"Yes, there is a hairdryer in the image. It is located on a bed with a patterned sheet. The hairdryer is black with a red button and is placed on the bed, with its cord extending outwards.",<|im_end|>,48,0,7,0.6078,0.7822999954223633,0,FP_Scattered,[48]
30,Negative,Step 1: Look at the image and describe the main objects and their spatial positions. | Step 2: Check if you can see a 'stone' among them. | Step 3: Answer to the question 'Is there a stone?' and provide a brief justification based on the visual evidence you analyzed.,"In the image, there is a long mirror with a wooden frame hanging on the wall. On the mirror, there is a black jacket and a black handbag hanging. To the right of the mirror, there is a wooden door with a hinge visible. There is no stone present in the image.",NONE,-1,0,0,0.0,0.0,1,None,"[53, 54]"
